title,body,date,source
Новатэку поплохело: Усть-Луга ушла в неоплачиваемый отпуск,"На бирже началась распродажа акций Новатэка из-за проблем в Усть-Луге.Масштаб трагедии: переработка СГК 8 млн тонн/год и экспорт нафты до 550к тонн/месяц. Сколько чего порушено — ведает лишь сами знаете кто. Но акции на всякий случай начали продавать сразу.Лентапишет, что там пожар, который пытаются локализовать. Какие-то Аргументыпишут, что отгрузка остановлена.В августе 2025 года тоже были атаки, но после них работу восстановили. Но как в это раз — ещё непонятно. То что горело — 100%, потому что мониторинговые сервисы показывают отсутствие танкеров у причалов Приморска и Усть-Луги. Ониушлина якорные стоянки.За 2021 годареализацияпродукции комплекса в Усть-Луге составила 6,785к тонн:4398к тонн нафты1039к тонн керосина1347кк тонн мазутаобъём реализации нефти 3909к тонн, СГК 2341к тонн.Выручка ООО «НОВАТЭК-УСТЬ-ЛУГА» за 2021 год составила 297,78 млрд рублей. Чистая прибыль 33 млрд рублей. С тех пор итоги работы уже никто не видел ни на каких сайтах.Чисто в теории, если действительно всё плохо (потому что я точно то не знаю), то пропадёт примерно 20% выручки + стоимость восстановления. Проект газопереработки стоил 4,9 трлн рублей.Если у вас есть точные доказанные цифры, то прошу поделиться.",2026-03-26,smart_lab_scraped
"Ближневосточный конфликт завершится в ближайшие недели, власти Прибалтики открыли воздушное пространство для атак по Ленобласти🔥Акции и инвестиции","📉Новатэк-3.7% Продолжает снижаться после атаки БПЛА на порт Усть-Луга. MASH сообщает, что власти Литвы, Латвии и Эстонии официально открыли своё воздушное пространство украинским БПЛА — для атак по Петербургу, Ленобласти и северо-западу России. Ранее пролёты разрешали кулуарно и единично, опасаясь ответной реакции😳📈Газпром+0.7% Снова в лидерах роста на перебоях с поставками газа.В. Путин считает, что ближневосточный конфликт завершится в ближайшие недели. Президент призвал бизнес не рассчитывать на нынешнюю конъюнктуру высоких цен на рынках😳📉Транснефть ап-1.2% Транснефть делает все, чтобы нефтеэкспортный потенциал РФ не снизился из-за атак на Балтийские порты, перенаправит потоки — Токарев👍📈ЮГК+3.3% Постановлением ведущего судебного пристава-исполнителя УИОИП от 25.03.2026 отменены меры принудительного исполнения, наложенные на денежные средства Публичного акционерного общества «Южуралзолото Группа Компаний» (ПАО «ЮГК») на сумму 32 141 541 000 рубКто-то посчитал, что компания больше не должна выплачивать 32 млрд. рублей, раз арест сняли.А вот я сомневаюсь в этом, суд так быстро не мог отменить решение. Больше похоже на то, что компания просто внесла необходимые ден. средства на судебный счёт и поэтому арест сняли🧐📉Мечел-2.2% Убыток Мечела по МСФО за 2025 год составил ₽79,76 млрд против убытка ₽36,27 млрд годом ранее, выручка ₽286,9 млрд (-25,9% г/г)😔📉Аренадата-1.3% Выручка ПАО «Группа Аренадата» (Arenadata, разработчик ПО в области хранения, обработки и анализа данных) по итогам 2025 года составила 8,8 млрд рублей, что на 46% больше аналогичного показателя 2024 года. «Группа Аренадата» прогнозирует рост выручки в 2026г на 20-40%🤔📉НЛМК-2.2% Чистая прибыль НЛМК по МСФО по итогам 2025 года упала в 1,9 раза, до 63,1 млрд рублей. Выручка снизилась на 15%, до 831,4 млрд рублей😔📉Система-0.4% «Система» считает приемлемым долг ниже 100 млрд руб., прорабатывает в рамках его оптимизации структурные сделки с банками🤔📉ЭсЭфАй-0.2% Чистая прибыль SFI по МСФО в 2025г сократилась на 9%, до 20,8 млрд рублей🤔📉Сегежа-1.5% Segezha Group может немного сдвинуть сроки выполнения банковских ковенантов, взятых на себя в рамках реструктуризации долга, допустил президент АФК «Система» Тагир Ситдеков. «Сейчас, когда весь банковский долг Segezha конвертирован и есть только публичный долг в виде облигаций, основная задача — выполнить ковенанты, которые мы взяли перед банками в рамках реструктуризации, и мы их выполним, даже если и придется чуть сдвинуть сроки», — сообщил он в интервью «Интерфаксу»🤔📉Циан-1% Циан планирует выплату дивидендов в 50 руб./акция в III кв., в дополнение будет еще одна выплата за 2026г🤑📈Самолет+0.2% Девелопер «Самолет» заявил, что ни головная компания, ни ее «дочки» не получали от уполномоченных органов РФ, а также судебных органов никаких официальных запросов в связи с расследованием уголовного дела в отношении Сергея Малофейкина. В «Самолете» подчеркнули, что менеджеры группы не привлекались к уголовной ответственности по ст. 172 (незаконная банковская деятельность — одно из преступлений, инкриминируемых Малофейкину и связанным с ним лицам), также ни расчетные счета компаний группы, ни принадлежащие им земельные участки не арестованы🤔",2026-03-26,smart_lab_scraped
⚡️МОНИТОРИНГ ЛОЁВ! Сегодня кстати как ни странно на рынке есть несколько исторических миниумов,"Сегодня кстати как ни странно на рынке есть несколько исторических минимумов⚡️📉Хендерсон 448 руб — рекорд минимум! -2,3% за день⚡️📉Диасофт 1590 руб — рекорд минимум! -3% за день⚡️📉Делимобиль 88,5 руб — рекорд минимум! -1% за день⚡️📉Инарктика 458 руб — минимум за 4 года -2% за день⚡️📉Алроса 36 руб — минимум за 11,5 лет -2% за день⚡️📉Ламбумиз 390 руб — в районе рекорд минимума, -0,4% за день⚡️📉Самолет 706 руб — рекорд минимум, -0,1% за деньСлабо рынок выглядит.Черпаем негатив из высоких ставок, негативной геополитики и сокращения ВВП.",2026-03-26,smart_lab_scraped
Ударники из ВТБ.,"Уда́рник — работник, демонстрирующий повышенную производительность труда.Отчетность ВТБ по Форме 102 и МСФО дает нам пишу для размышлений и логично объясняет что происходит.Хронология событий.В 2024 году ВТБ приобрел инвестиционных финансовых активов уровня3 на0,8 трлн. рублей,особенность этих активов чтоони не торгуемые,данные покупки были согласованы Президентом. В первом квартале 2025 покупки продолжились, но происходит еще одно событие:  перевод финансовых инструментов изуровня3вуровень1или ""расконвертация"", соответственно на начало второго квартала 2025 года ВТБ имел0,8-1.3 трлн.рублейнавеса конвертаций, ну а дальше:А дальше ВТБ получил возможность конвертировать долевые финансовые инструменты уровня3 в уровень1 чем конечно же воспользовался:За 20-ть дней июня 2025 ВТБ заработал89 млрдпо РСБУ на операциях с приобретенными долевыми ценными бумагами, или по 5,5 млрд за торговую сессию, За полный 2025 год350 млрд на акциях:В 2026 году передовики из ВТБ решили пойти на рекорд,54 млрдза февраль месяц или если сохранять темп600 млрдза год:Думаю пока не кончится навес расписок роста индекса нам не видать, но в тоже время навес дает возможность покупать недорого.",2026-03-26,smart_lab_scraped
💥 Прибыль ВТБ рухнула на 11% при четырёхкратном росте процентных доходов: парадокс двух месяцев,"📉 Прибыль и рентабельность: неожиданное снижение* Чистая прибыль за два месяца 2026 года составила 68,8 млрд рублей — на 11,2% меньше, чем за аналогичный период прошлого года. Это произошло вопреки мощному росту операционных доходов.* Возврат на капитал (RoE) сократился на 240 базисных пунктов — до 15,4%. Показатель остаётся двузначным, но заметно уступает прошлогодним уровням.* Основное давление на прибыль оказали рост расходов на персонал (+19,5%) и увеличение резервов (+9,5%).📈 Процентные доходы взлетели, комиссии сжались* Чистые процентные доходы выросли в 4,35 раза (на 335,1%**), достигнув **128,8 млрд рублей. Это главный драйвер операционной эффективности.* Чистая процентная маржа продолжила восстановление: 2,5% против 0,6% в январе–феврале 2025 года. Банк наконец в полной мере начал зарабатывать на высокой ключевой ставке.* Чистые комиссионные доходы, напротив, снизились на 4,5% — до 48,3 млрд рублей. Годом ранее они росли рекордными темпами (+51,5% за два месяца 2025 года), что создало высокую базу для сравнения.* Чистые операционные доходы до резервов увеличились на 5,1%, составив 207,8 млрд рублей.🛡 Резервы и качество активов: подушка остаётся прочной* Расходы на создание резервов выросли на 9,5% — до 28,8 млрд рублей.* Стоимость риска (cost of risk) составила 0,7% (+10 б.п. к прошлому году).* Доля неработающих кредитов (NPL) незначительно повысилась — с 3,5% на начало года до 3,6%. При этом покрытие NPL резервами остаётся на высоком уровне 147,7%, что свидетельствует о консервативной политике банка.🏭 Кредитный портфель: корпорации в плюсе, розница уходит в минус* Совокупный кредитный портфель до вычета резервов вырос на 1,7% — до 24,9 трлн рублей.* Корпоративный портфель увеличился на 3,0%, достигнув 17,7 трлн рублей. Банк делает ставку на крупных высококлассных заёмщиков.* Розничный портфель сократился на 1,3% — до 7,2 трлн рублей. Доля розницы в совокупном портфеле снизилась с 30% до 29%.* Ключевая деталь: корпоративные кредиты потребляют меньше капитала, поэтому, несмотря на рост портфеля, активы, взвешенные с учётом риска, снизились, что позволило оптимизировать использование капитала.🏦 Средства клиентов: отток нарастает* Совокупный объём средств клиентов сократился на 2,0% с начала года — до 27,3 трлн рублей. В абсолютном выражении отток превысил 550 млрд рублей.* Физические лица вывели 2,9% — их средства составили 13,6 трлн рублей. Доля физлиц в пассивах упала до 49,8% (с 50,3% на начало года).* Юридические лица сократили остатки на 1,2% — до 13,7 трлн рублей (с учётом валютной переоценки — на 1,3%).* Доля клиентских средств в совокупных обязательствах группы снизилась до 77,7% (с 81,7% на начало года).* Соотношение кредитов и депозитов (LDR) выросло до 86,4% (с 83,2% на 31 декабря 2025 года). Показатель остаётся в консервативной зоне, но давление на ликвидность усиливается.💼 Расходы и капитал: издержки растут, нормативы в порядке* Расходы на персонал и административные расходы увеличились на 19,5% — до 93,7 млрд рублей.* Соотношение расходов и чистых операционных доходов (CIR) ухудшилось с 39,6% до 45,0%.* Нормативы достаточности капитала остаются выше регуляторных минимумов:* Н20.0 (общий) — 9,9% (мин. 9,25%), увеличившись с начала года на 10 б.п.* Н20.1 (базовый) — 6,3%* Н20.2 (основной) — 7,7%🔍 Что это значит для инвесторов и рынкаВТБ совершает структурный сдвиг: банк наращивает корпоративное кредитование, но теряет розничных клиентов — отток средств и сжатие портфеля. Восстановление процентной маржи до 2,5% помогло компенсировать рост затрат, однако чистая прибыль снизилась.Ближайшие месяцы покажут, сможет ли ВТБ остановить отток розничных пассивов и сохранить маржу при возможном смягчении ДКП. Пока банк делает ставку на эффективность и качество активов, жертвуя долей розницы ради рентабельности капитала.t.me/+g9kyV-Jj3ypjYThi",2026-03-26,smart_lab_scraped
Почему налоги на недвижимость будут повышать. Почему их надо повысить,"До недавнего времени недвижимость оставалась едва ли не последним убежищем скряги. Можно было скупать бетонные активы целыми этажами (часто еще и на чужие деньги), владеть ими, и ничего это почти не стоило. Коммуналка — ерунда, относительно стоимости квартиры — сущие копейки. Налоги — совсем смешно.  Государство всеми силами поощряло: покупайте, милые, квартиры, это выгодно, это надежно. И необременительно. И все в одном!И, кстати, так оно и было. Владельцы недвижимости получали все профиты и не несли почти никаких издержек.Во-первых, государство всячески страховало неудачливых спекулянтов. Помните «обманутых дольщиков»? Так практически всех их спасли, за счет бюджета конечно. Ипотечникам (за исключением, возможно, валютных, хотя про них уже почти забыли) тоже неоднократно давали возможность выйти сухими из воды. Когда вы покупаете акцию, и вас везут на маржин-колл, то ваши риски – это ваши риски. Когда вы берете недвижимость с плечом (а ипотека – это и есть кредитование с плечом), то ваши риски государство берет на себя. Выплачивая триллионные компенсации или запуская очередную льготную программу, чтобы цены не дай бог не упали.Во-вторых, многочисленные налоговые преференции, как-то: освобождение от подоходного налога при продаже (сверх установленного срока владения, а кто-то вообще не платит), имущественные вычеты и в целом мизерные налоги.В-третьих, известные социальные «плюшки», начиная с материнского капитала и заканчивая преференциями, связанными с регистрацией (например, приоритетная возможность отдать ребенка в школу).Неудивительно, что при таких раскладах число фанатов недвижимости зашкаливало. Отличная инвестиция: ты ничего не платишь, ничем не рискуешь и твой актив постоянно растет в цене. Не инвестиция, а сказка!Но, как известно, любая сказка рано или поздно заканчивается.Основная проблема инвесторов в жилье заключается в том, что их стало слишком много, и они слишком хорошо себя чувствуют. Когда только ленивый не пытался заделаться владельцем, уже само количество наталкивает на мысль «а почему бы их не подоить?». А коровы стали жирные, удойные. Суммарная стоимость недвижимых активов россиян (даже без учета коммерческой недвижимости) по самым скромным оценкам составляет более 800 трлн рублей (для сравнения вкладов в банках — лишь 65 трлн). Представляете какой это кусок! И практически его еще не трогали.Другая проблема инвесторов в жилье заключается в том, что у государства стало не хватать денег. Известная поговорка «люди — новая нефть» недвусмысленно отражает наметившийся тренд.Сначала ободрали вкладчиков. Налог на вклады ввели в 2021 году, но фактически стали изымать с 2023 года.Потом обратили внимание на фондовый рынок. Есть, например, такое нововведение как «налог на материальную выгоду». Замечательная вещь! Автор уже успел с ней познакомиться – это когда с вас сдирают налог при покупке (!) ценных бумаг. Если потом вы ухитрились продать в плюс, то с вас возьмут и второй налог, теперь уже при продаже.Попутно в экономике, сами знаете, растет налоговая нагрузка практически по всем секторам (повышение НДС до 22% лишь часть концерта).Ну, и наивно предполагать, что владельцев недвижимости сия мода не коснется. Удавку затягивают медленно, но верно:Налог на капремонт начали изымать в 2014 году (в разных регионах даты могут отличаться).Налог на квартиры от кадастровой стоимости – с 2016 (В Москве). Сначала очень скромно, с понижающими коэффициентами, чтобы сразу народ не шокировать.Потом взялись за коммуналку. Платежи явно стали расти быстрее официальной инфляции.Помимо этого, законодатели давно зубы точат на арендодателей (большинство собственников по-прежнему не платят никаких налогов с арендных поступлений).Но, поверьте, это только начало. Ведь несмотря на все эти поборы, в целом обслуживание недвижимости в России пока очень необременительно. Например, в 2025 владельцы вкладов должны были заплатить в бюджет примерно 2% от суммы своих активов, а если бы та же сумма у них была вложена в недвижимость — то только 0,1-0.3%. В десять раз меньше!!! – по-моему несправедливо.Но самое главное — раз поборы низки, значит, есть куда их повышать. С вкладчиков, с миноритариев уже много не сострижешь (хотя пробовать будут), а вот у владельцев недвижимости — и шерсти больше, и гуще.Так что ждите роста налогов на недвижимость. Возможно, сильного и резкого.Тем более, что имея недвижимость, скрыться от взора налоговых служб практически нереально.И это тот случай, когда автор в целом поддерживает инициативы такого рода. Хотя налоги – почти всегда плохо, в случае с недвижимостью, скорее всего рост налоговой нагрузки пойдет на пользу сильно перекошенному отечественному инвестиционному рынку:1. Мы уже упоминали, что люди как невменяемые, скупали «бетон». Причем этот процесс нельзя было назвать равномерным. Очень часто инвестировали те, кому квартиры не очень-то были и нужны, но у кого имелись средства на покупку. Другие же – оставались с носом. Идея, что владельцев избыточных метров надо бы обременить налогом – по-моему и правильная, и справедливая.2. Повышение налогов на недвижимость поможет более сбалансировано направлять капиталы между отраслями. Вложения народа в недвижимость исчисляются триллионами рублей в год, в то время как масса других секторов держится на голодном пайке, что снижает их развитие.3. Повысится ликвидность недвижимости. Многие инвесторы, пользуясь низкими налогами, никак не использовали свою недвижимость. То есть буквально закрывали квартиры на замок (не продавали и не сдавали).  А что: кушать не просит, деньги приносит. Рост налоговой нагрузки побудит собственников более эффективно управлять своими активами и увеличит оборот недвижимости. Придется, например, продать, если не нужно (а не держать бесконечно на балансе), что не только снизит цены, но и повысит ликвидность (купить квартиру станет легче).Непродаваемой недвижимостистанет меньше.В общем, одни плюсы. Хотя владельцы, конечно, будут злиться.///Тг каналБусти",2026-03-23,smart_lab_scraped
Тестируем стратегии WorldQuant на МосБирже,"Павел ГавриловМы взяли 76 торговыхформулиз открытого исследования хедж-фонда WorldQuant, адаптировали их под российский рынок и проверили их на дневных данных Индекса МосБиржи за 9 лет. Большинство стратегий не выдержали проверку временем — и это нормально. Но 6 формул показали доходность от 38 до 83% с 2025 года, пока сам индекс демонстрировал небольшую динамику. Рассказываем, что это за формулы и как они работают.Что за исследование и откуда формулыВ 2015 годуЗура Какушадзе— профессор физики, бывший квант-аналитик хедж-фонда WorldQuant — опубликовал на академической платформе SSRN документ под названием «101 Formulaic Alphas». Это 101 торговая формула, которая реально использовалась в продакшене одного из крупнейших квантовых фондов мира.WorldQuant управляет миллиардами долларов и одновременно запускает тысячи алгоритмических стратегий. Их подход — не искать один «грааль», а комбинировать сотни слабых сигналов в один сильный. Каждая отдельная формула даёт небольшое преимущество (средний Sharpe Ratio около 2,2), но вместе они формируют устойчивый результат.Sharpe Ratio — показатель эффективности стратегии: сколько доходности приходится на единицу риска. Sharpe выше 1 считается хорошим, выше 2 — отличным.Все 101 формула построены на простейших данных: цена открытия, максимум, минимум, закрытие и объём торгов. Никаких новостей, никаких фундаментальных показателей, никаких альтернативных данных. Только цена и объём — то, что доступно бесплатно любому трейдеру.Что мы сделалиМы взяли 76 формул из 101, которые не требуют отраслевой классификации и работают на чистых ценовых данных. Загрузили дневные данные Индекса МосБиржи с 2016 по март 2026 года — 2569 торговых дней.Для каждой формулы рассчитали все необходимые переменные: дневную доходность, типичную цену дня — VWAP (среднее арифметическое максимума, минимума и закрытия), средний дневной оборот за 5, 10, 20, 60 дней и другие производные.Каждая формула генерирует сигнал: положительное значение — покупай (лонг), отрицательное — продавай (шорт). Мы прогнали все 76 формул через бэктест с разделением данных:🔹 Обучение (2016–2024): стратегия торгует по своим сигналам, мы считаем результаты.🔹 Проверка (2025–март 2026): стратегия торгует на данных, которые не видела. Это называется walk-forward тест — ключевой этап. Любую стратегию можно подогнать под прошлые данные. Walk-forward проверяет: работает ли она на будущих данных, которых не видела? Если да — формула жива. Если нет — это была иллюзия.Что получилось: главный результатБольшинство из 76 протестированных стратегий, показавших хорошие результаты в 2016–2024, в 2025 году практически не заработали. Это нормально и ожидаемо: рыночные режимы меняются.Но мы обнаружили обратный эффект. 6 формул, которые не были лидерами на обучающем периоде, показали сильные результаты в 2025 году — на данных, которые стратегия не видела. Именно это делает их интересными: они не подогнаны под прошлое.Для сравнения: Индекс МосБиржи с января 2025 по март 2026 вырос на +0.5% — практически ноль. При этом максимальная просадка составила −26.6%. То есть инвестор, купивший индекс, пережил падение на четверть портфеля ради полупроцента доходности. Все 6 стратегий обогнали индекс в десятки раз, зарабатывая и на росте, и на падениях.6 стратегий, которые смогли📍№52 — «Дно растёт? Покупай»Самая прибыльная из шести. Смотрит на одну вещь: минимальная цена за последние 5 дней стала выше, чем была неделю назад? Если да, и при этом объём торгов подтверждает — покупаем. Если дно опускается — продаём.Это как проверять уровень воды в реке. Если каждый день вода чуть выше вчерашнего — река поднимается, даже если на поверхности волны. В 2025 году на МосБирже были резкие качели: падение в начале года, рост весной, снова коррекция. Эта формула ловила именно моменты перелома — когда рынок переставал падать и начинал расти. 34 сделки из 43 оказались прибыльными.📍№46 — «Тренд устал? Заходи»Сравнивает две скорости: как быстро цена менялась 20–10 дней назад и как быстро меняется последние 10 дней. Если падение замедляется — покупай, продавцы выдыхаются. Если рост ускоряется слишком сильно — будет откат.Представьте автомобиль. Он тормозит — скорость падает всё медленнее. Значит, скоро остановится и поедет обратно. Формула считает именно это «торможение» тренда. Никаких субъективных уровней.📍№83 — «Много шума, мало дела»Смотрит на размах свечи (разница между максимумом и минимумом дня) и объём. Если день был бурным — большой диапазон, много торгов — но цена закрылась далеко от средней, значит, одна сторона (быки и медведи) проиграла битву. Формула ставит против проигравших.По сути, это то же самое, что опытные трейдеры называют Volume Spread Analysis, только записанное числами. Не «я вижу, что тут крупный игрок двинул цену», а конкретная формула, которую можно проверить на истории.📍№57 — «Закрылись выше средней — растём дальше»Берёт типичную цену дня (среднее из максимума, минимума и закрытия) и сравнивает с фактическим закрытием. Если закрылись выше — день за покупателями, покупаем. Если ниже — за продавцами, продаём. Дополнительно смотрит, далеко ли мы от месячного максимума: если есть куда расти — сигнал сильнее.📍№28 — «Кто-то скупает на дне»Следит за связью между объёмом торгов и минимумами цены. Если объём растёт именно в те дни, когда цена падает к минимумам — кто-то крупный тихо скупает, пока остальные паникуют. При этом если закрытие всё ещё ниже средней — актив недооценён. Покупаем.Классическая ситуация: плохие новости, все продают, но объём аномально высокий. Значит, кто-то эти панические продажи поглощает. Формула считает это автоматически.📍№41 — «Кто контролировал день?»Самая простая из шести. Считает: где проходила основная торговля — ближе к максимуму дня или к минимуму? Если ближе к максимуму — покупатели доминировали, покупаем. Если ближе к минимуму — продавцы, продаём.Подробная математика и результаты — в инфографиках ниже. Здесь — суть каждой формулы простым языком.Что дальшеСледующий логичный шаг — протестировать эти формулы не на индексе, а на портфеле из самых ликвидных акций. Именно так они работают в оригинале: сравнивают бумаги между собой и выбирают лучшие. На одном инструменте мы использовали лишь часть потенциала этих формул — и даже так получили результат.Стоит оговориться, что для применения формул, скажем, через фьючерсы на Индекс МосБиржи, нужно проработать фильтрацию или системы приоритетов между сигналами.Также стоит не забывать, что ни одна стратегия-лидер обучающего периода не подтвердила результат на проверке. Это нормально, но не нужно считать, что представленные прибыльные формулы будут работать вечно. Квантовый трейдинг — это цикл: гипотеза → данные → бэктест → walk-forward → результат.Альфа-Инвестиции",2026-03-26,smart_lab_scraped
Газета «Коммерсант» выпустила тематическое приложение о страховом рынке,"Для удобства подготовили краткие выжимки из статей. Полные версиичитайтена сайте издания.В 2025 году страховой рынок продолжил рост. Совокупный объем рынка составил около 4 трлн руб., а прирост — 6,9%. Главный источник роста — страхование жизни: его сборы выросли на 10,8% до 2,3 трлн руб., тогда как сегмент non-life прибавил 2,1% и достиг 1,7 трлн руб. В результате доля life-сегмента выросла до 57% рынка, а non-life сократилась до 43%.Рынок выглядит устойчивым. Чистая прибыль страховщиков в 2025 году составила 502,3 млрд руб., что на 8,5% выше уровня 2024 года; рентабельность капитала — 27%. Усилилась концентрация: на топ-10 страховщиков пришлось 75,1% всех премий.Ключевой драйвер рынка в 2025 году — сегмент life. Крупнейшим сегментом осталось накопительное страхование жизни (НСЖ): несмотря на снижение сборов на 15,8%, его объем составил 1,2 трлн руб. Падение НСЖ не означает деградацию сегмента. 2024 год был аномальным из-за ажиотажного спроса на короткие полисы НСЖ как альтернативу депозитам; в 2025 году рынок вернулся к более длинным договорам и более органичной динамике.С 2026 года ИСЖ больше не продается, и отрасль делает ставку на долевое страхование жизни (ДСЖ). ДСЖ рассматривается как более прозрачный страховой формат: инвестиционная часть взносов клиента размещается через ПИФы, а сами фонды должны соответствовать строгим требованиям по надежности, ликвидности, прозрачности портфеля. Для рынка это важный поворот: life-страхование все сильнее сближается с wealth management, но под жестким надзором регулятора.При этом в 2025 году объем ДСЖ пока был небольшим — 26,5 млрд руб., то есть продукт только стартует и еще не компенсирует масштаб уходящего ИСЖ. В 2026 году рынок life, вероятно, пройдет период адаптации: драйвер роста сохраняется, но его механизм меняется, а клиенту придется привыкать к большей вариативности и, вероятно, большей осознанности выбора.В non-life-сегменте 2025 лучшие результаты показало страхование имущества: имущество граждан выросло на 8,5% до 136,9 млрд руб., имущество юрлиц — на 12,9% до 170,3 млрд руб. Также положительную динамику показало каско: +4,9%, до 338,8 млрд руб. Рост имущественного страхования поддерживается не только традиционным спросом, но и появлением новых рисков: атаки БПЛА, диверсии, климатические события, технологические угрозы. Люди и бизнес стали иначе смотреть на защиту активов, жилья и грузов. Это поддерживает как классические имущественные продукты, так и спрос на новые формы покрытий.Главным аутсайдером массового non-life стало ДМС: снижение сборов на 1,4% до 323,7 млрд руб. При этом в 2026 году ожидается восстановление и рост на уровне инфляции медуслуг или выше.В ОСАГО проявился дисбаланс: средняя выплата выросла на 17%, тогда как средняя премия снизилась на 4,4%. Это и стало одной из причин расширения тарифного коридора Банком России в декабре 2025 года. Смысл реформы — дать страховщикам больше свободы в ценообразовании и уйти от перекрестного субсидирования, когда аккуратные водители доплачивают за высокорисковые категории. На 2026 год важным направлением становятся короткие и сверхкороткие полисы.Выводы: (1) Рынок остается растущим, но качество роста усложняется. (2) Страхование жизни — центр отрасли, но внутри него идет смена модели. НСЖ нормализуется, ДСЖ только набирает форму. Это означает перестройку рынка вокруг более инвестиционно сложных и регуляторно структурированных решений. (3) Non-life не стагнирует, но растет точечно. Сильнее всего выглядят имущество и часть моторных видов; слабее — ДМС по итогам 2025 года, хотя в 2026-м по нему ожидается восстановление. (4) Новые риски — БПЛА, диверсии, утечки данных, кибератаки и климатические угрозы одновременно создают спрос и повышают убыточность. (5) Рынок движется к персонализации: короткие полисы, более гибкие тарифы, встроенные цифровые сервисы.",2026-03-26,smart_lab_scraped
Итоги недели 26.03.2026. Блокировка Telegram и забой скота - немного конспирологии. Курс доллара и нефть,"Блокировка и замедление мессенджеров и другие ограничения интернета в России, принудительный забой скота. Зачем власти раздражают людей? Аналогии с прошлым векомДоллар, рубль, нефть, индекс РТС, евро, ОФЗ, биткоин, золото, индекс S&P. Волны и циклыhttps://youtu.be/pmc-VATy138И просьба ставить лайки. Вам же денег не стоит, а светлым лучам рюхизма поможет пробиться сквозь тучи",2026-03-26,smart_lab_scraped
"Любители "" бетончика "" вам посвещается ,любите ""бетончик""  дальше .","Кстати если вы думаете переложить это на плечи арендаторов, то огорчитесь, когда доходы арендаторов падать вниз вертикально начнут между собой передеретесь за клиентов 🤣",2026-03-26,smart_lab_scraped
Новые размещения облигаций от крупных российских компаний,"Рассмотрим параметры трех новых выпусков облигаций от эмитентов с высоким рейтингом: размещения с плавающим купоном от «ЕвразХолдинга» и «РусГидро», а также выпуск с фиксированным купоном и значительной премией к рынку от «БалтЛизинг».⚙️ЕВРАЗХОЛДИНГ ФИНАНС-003P-06🔶Об эмитенте«ЕвразХолдинг» ― один из крупнейших в России вертикально интегрированных металлургических холдингов. Контролирует полный производственный цикл: от добычи железной руды и угля до выпуска стальной продукции, от строительного сортамента до рельсов и вагонных колес.🔶Компания не публикует актуальную отчетность. Согласно данным за 2023 год:Выручка: $7,7 млрд (-19,0% (г/г));EBITDA: $2,13 млрд (+9,0% (г/г));Чистый долг/EBITDA: 0,82.🔶Параметры выпускаОбъем: 20 млрд руб.;Номинал: 1000 руб.;Ориентир купона: КС + 190 б.п.;Выплаты купона: 12 раз в год;Срок до погашения: 3 года;Рейтинг: AА (стабильный) от АКРА;Дата сбора книги заявок: 26 марта;Дата размещения: 30 марта;Амортизация: нет;Оферта: нет;Доступ для неквалифицированных инвесторов: есть.Единственный флоатер от этого эмитента на вторичном рынке ― ЕврХол3Р01 со ставкой купона КС (уровень ключевой ставки) + 130 б.п. Бумага торгуется около номинала, что говорит об умеренной спекулятивной привлекательности нового размещения.В качестве надежного флоатера от крупного эмитента выпуск выглядит перспективно, однако в рамках рейтинговой группы торгуются аналоги с более высокой доходностью и регулярным раскрытием отчетности.В связи с этим размещение скорее подойдет держателям ЕврХол3Р01 в качестве отличной возможности «переложиться» в бумагу с более выгодными условиями.🚘БАЛТИЙСКИЙ ЛИЗИНГ-БО-П22🔶Об эмитенте«Балтийский лизинг» ― одна из крупнейших универсальных лизинговых компаний России, основанная в 1990 году и предоставляющая услуги по финансированию автотранспорта, спецтехники, оборудования и других активов для бизнеса.🔶Согласно отчету компании по итогам 9 месяцев 2025 года (РСБУ):Выручка: 33,7 млрд руб. (+33,6% (г/г));Чистая прибыль: 2,3 млрд руб. (-35,2% (г/г));Долгосрочные обязательства: 86,0 млрд руб. (-1,0% за 9 месяцев);Краткосрочные обязательства: 90,0 млрд руб.;Чистый Долг/EBITDA: 4,3;ICR: 0,13.🔶Параметры выпускаОбъем: 500 млн руб.;Номинал: 1000 руб.;Ориентир купона: 20,75% (YTM 22,84%);Выплаты купона: 12 раз в год;Срок до погашения: 2,5 года;Рейтинг: AА- (стабильный) от Эксперт РА;Дата сбора книги заявок: 24 марта;Дата размещения: 27 марта;Амортизация: да (по 8,25% в даты 19-29 купонов);Оферта: нет;Доступ для неквалифицированных инвесторов: есть.Изначально это размещение планировалось еще в феврале, однако его условия на тот момент оказались нерыночными: собственные выпуски эмитента на вторичном рынке предлагали доходность значительно выше.В ходе корректировки параметров размещения его объем был уменьшен в два раза до 500 млн руб., а стартовый ориентир купонной ставки был значительно повышен.На сегодняшний день аналогом с наиболее схожими условиями на вторичном рынке является выпуск БалтЛизП19 (YTM 21,4%) со сроком до погашения 2,4 года. На его фоне новое размещение выглядит перспективно ввиду наличия значительной премии к доходности аналога.Для долгосрочного портфеля бумага не выглядит достаточно интересной в силу срока до погашения, не позволяющего воспользоваться льготой для долгосрочных владельцев (ЛДВ), а также учитывая финансовое состояние эмитента. Тем не менее, если в ходе сбора заявок стартовый уровень купона не будет значительно снижен, размещение выглядит перспективным для краткосрочных сделок.В рамках рейтинговой группы бумаги компании торгуются со значительной премией к рынку, что также добавляет спекулятивной привлекательности новому выпуску.⚡РУСГИДРО-БО-002Р-12🔶Об эмитенте«РусГидро» ― один из крупнейших российских энергетических холдингов, лидер в производстве энергии на базе возобновляемых источников: на основе энергии водных потоков, морских приливов, солнца, ветра и геотермальной энергии.🔶Согласно отчету компании по итогам 9 месяцев 2025 года (РСБУ):Выручка: 211,7 млрд руб. (+17,5% (г/г));Чистая прибыль: 43,8 млрд руб. (-4,0% (г/г));Долгосрочные обязательства: 460,4 млрд руб. (+6,2% за 9 месяцев);Краткосрочные обязательства: 216,7 млрд руб. (+68,5% (г/г));ICR: 2,8.🔶Параметры выпускаОбъем: 20 млрд руб.;Номинал: 1000 руб.;Ориентир купона: КС + 175 б.п.;Выплаты купона: 12 раз в год;Срок до погашения: 3 года;Рейтинг: AАА от Эксперт РА;Дата сбора книги заявок: 24 марта;Дата размещения: 27 марта;Амортизация: нет;Оферта: нет;Доступ для неквалифицированных инвесторов: есть.Очередной флоатер от надежного эмитента, подходящий для консервативных инвесторов, желающих добавить в портфель инструменты, доходность которых привязана к ключевой ставке с целью хеджирования процентного риска.Новое размещение может стать отличным выбором как для инвесторов, так и для спекулянтов поскольку предусматривает премию к доходности предыдущего размещения: РусГид2Р11, а также премию к доходности выпусков от других эмитентов в рейтинговой группе.❗Больше идей на долговом рынкездесь✅Подписывайтесь на телеграм-каналФинам ИнвестициииТорговые сигналы,а также на наш канал вMAX",2026-03-26,smart_lab_scraped
Отчеты банков по РСБУ за 2 месяца 2026 г.,"Чистая прибыль Сбербанка по РСБУ за первые два месяца 2026 года составила 324,6 млрд рублей. Этот показатель вырос на 21,4% по сравнению с аналогичным периодом 2025 года.💬Банк идет на 2трл чистой прибыли за 2026г и 46р дивидендов. По текущим это топ пик сектора.Чистая прибыль ВТБ за 2 месяца выросла в 2 раза — до 81,09 млрд руб💬Вроде и хорошо, но достаточность капитала выросла с 9.8 до 9.9. Я ждал больше, если банк не поднажмет, то 35% payout под вопросом.Чистая прибыль Совкомбанка за 2 месяца составила 6,01 млрд руб. против убытка 12,14 млрд руб💬В Совкоме прибыль по РСБУ нерепрезентативна. Например ЧП по итогам 2025г по РСБУ 44 млрд, а по МСФО 53 млрд. расхождение на 20,5% Но общий тренд на рост чистой прибыли заметен. Я предполагаю 75 млрд по итогам 2026г.Чистая прибыль ТБанка за 2 месяца выросла в 13 раз — до 33,12 млрд руб💬Идет на 200млрд ЧП без учета переоценки Яндекса.Чистая прибыль ПАО «ДОМ.РФ» за 2 месяца 2026 года по ❗️МСФО❗️ составила 18,4 млрд рублей. Это на 94% больше, чем за аналогичный период прошлого года.💬Все хорошо, но непонятно чем это лучше Сбера.Чистая прибыль МТС-банка за 2 месяца выросла в 9,2 раза — до 1,58 млрд руб💬Банк будет показывать хороший рост ЧП в 2026г за счет ОФЗ на балансе, но я сомневаюсь, что это перейдет в рост котировок. Вся проблема в низкой достаточности капитала. Базовый прогноз — payout 25% и дивиденд ~90р. Хорошие дивы можно ждать только следующим летом, а рынок у нас крайне нетерпеливый.Чистая прибыль банка Санкт-Петербург за 2 месяца по РСБУ снизилась в 1,7 раза — до 6,07 млрд руб💬Негативно, но предсказуемо. Идеи в БСПБ в 2026г нет.Чистая прибыль МКБ за 2 месяца по РСБУ выросла на 38% — до 11,03 млрд руб💬Но я думаю, всем глубоко все равно на это)",2026-03-26,smart_lab_scraped
ПАО «ЭсЭфАй» публикует консолидированные финансовые результаты за 2025 год,"ПАО «ЭсЭфАй» (инвестиционный холдинг SFI, MOEX: SFIN) опубликовало аудированную годовую отчетность за 2025 год по международным стандартам финансовой отчетности (МСФО).Чистая прибыль группы составила 20,8 млрд руб. (приходящаяся на акционеров – 20,2 млрд руб.). Ее основным источником стала прибыль от прекращенной деятельности в размере 16,2 млрд руб. включающая результаты лизинговой компании «Европлан», акции которой были проданы холдингом в конце 2025 года, и финансовый эффект от этой сделки. Прибыль от продолжающейся деятельности (сюда включается доля в прибыли Страхового дома ВСК и результат корпоративного центра) составила 4,6 млрд руб.В связи с выходом из крупнейшего операционного актива произошло сокращение активов и капитала холдинга до 67,6 и 64,8 млрд рублей соответственно.Подробнее с отчетностью холдинга по МСФО можно ознакомиться насайте SFI.",2026-03-26,smart_lab_scraped
5 причин быть на SMART-LAB CONF,"👉 Все участники рынка на одной площадкеОбычно ты собираешь картину по кускам: телега, отчёты, чужие мнения. Здесь — всё сразу. Люди, которые реально управляют капиталом, собираются оффлайн. Такая концентрация рынка — редкая вещь сама по себе.👉 Идеи, которые ещё не в ценеСильные участники делятся тем, что уже делают сами. Не “общие слова”, а конкретные направления и логика решений. Такие вещи сначала обсуждаются внутри круга — и только потом становятся публичными.👉 Контакты, которые меняют скоростьОдин разговор может закрыть вопросы, которые ты решал бы месяцами. Партнёры, инвесторы, люди с опытом — без барьеров и лишней дистанции.👉 Понимание, где ты на самом делеЭто честная сверка с рынком. Без иллюзий: видно, кто зарабатывает, как думает и за счёт чего держит результат.👉 Эффект присутствияЕсть вещи, которые не попадают в записи. Контекст, нюансы, разговоры “между” — именно там часто и лежит основная ценность.Smart-Lab Conf — это не просто событие. Это редкий доступ к среде, в которой принимаются решения и двигаются деньги.Зафиксируй самую низкую цену до повышения 1 апреля по промокодуCONFSPBЗайти на низах:confa.smart-lab.ru/spb26",2026-03-26,smart_lab_scraped
"💎 Алроса (ALRS) | Спрос оживает, но поможет ли это? Обзор результатов по МСФО за 2025г","▫️ Капитализация:264,7 млрд / 36,7₽ за акцию▫️ Выручка 2025:235 млрд ₽ (-1,7% г/г)▫️ EBITDA 2025:57,8 млрд ₽ (-26,5% г/г)▫️ скор. ЧП: 202510 млрд ₽ (-80,4% г/г)▫️ скор. P/E:26,4▫️ P/B0,64👉 Результаты отдельно за 2П2025г:▫️Выручка:100,8 млрд ₽ (+69,2% г/г)▫️EBITDA:20,7 млрд ₽ (+42,6% г/г)▫️скор. ЧП:-1,9 млрд ₽ (против убытка в 3,6 млрд годом ранее)📊 Формально, компания показала прибыль за год больше36 млрд р, но с корректировкой на курсовые разницы, доход от переуступки ДЗ и прочие разовые статьи доходов, прибыль 10 млрд р. В текущей ситуации наличие прибыли — это уже неплохо.✅ Чистый долг по итогам 2025г сократился на 18% г/г до 88,4 млрд рублей приND/EBITDA = 1,5. Но надо понимать, что почти все снижение обеспечила вынужденная продажа зарубежных активов + поддержка Гохрана.👆Относительно 1П2025г чистый долг наоборот вырос сразу на27 млрд рублейи с высокой вероятность траектория роста долговой нагрузки сохранится и в 2026м году.✅ Менеджмент Алросы говорит о первых признаках дефицита в отдельных видах крупных камней инвестиционного качества (от 2 до 10 карат). Это пока не говорит о развороте всего рынка. Индекс цен на алмазы с начала года незначительно, но снизился и продолжает сверлить дно.❌ ОАЭ — это один из крупнейших хабов для реализации бриллиантов из РФ, но сейчас его функционирование (и тем более спрос в этом регионе) будет под давлением. Это плюс одна проблема в копилку компании.❌ Свободный денежный поток остается отрицательным: Алроса получила убыток по FCF в 13,6 млрд рублей. Относительно 2024г убыток сократился, но причина всё также в продаже активов.❗️ Отдельно во 2п2025 наблюдался приличный рост выручки и EBITDA, но он не репрезентативен, так как это просто результат смещения продаж.Вывод:Очередной слабый отчет для Алросы, никаких признаков восстановления нет и близко. Рынок находится в затяжном падении, искусственные алмазы убивают спрос и давят внешние факторы. Конкретно на Алросу еще давит крепкий рубль. В текущих условиях компания убыточна, конкуренты — тоже в убытке.Прогнозы ухудшаются, финансовое положение тоже, но и предложение скоро должно начать сокращаться, так как производить алмазы нерентабельно.Если закладывать постепенное восстановление отрасли, то справедливая цена акций около 41 рубля. Лично я прохожу мимо, компания будет интересна в условия QE и процветания мировой экономики, нужно дождаться условия как в 2021м году, когда мир снова будет «беситься с жиру» 😉. Когда это будет происходить — посмотрим, нужно сопокойно ждать и наблюдать за экономикой.Не является индивидуальной инвестиционной рекомендацией#обзор #Алроса #ALRS",2026-03-26,smart_lab_scraped
Об опасности прогресса (и угрозах ИИ),"Еще пару столетий мир был совсем другим, и процесс его изменений только набирает обороты.Так в 19 веке около 90% всех людей были заняты в сельском хозяйстве. Даже в промышленно развитых странах — например, в США 1880-х годов — более половины мужчин были фермерами. Сейчас же эта цифра составляет менее 1%.Благодаря инновациям сельское хозяйство стало более эффективным. Люди стали переезжать в города, устраиваться на заводы и фабрики, а потом все больше заниматься умственным трудом. И многие профессии в итоге просто исчезли.Когда-то для звонков была нужна телефонистка:Освещение на улицах зажигалось вручную:До появления будильников «стукачи» будили людей по утрам:Вместо холодильников были резчики и разносчики льда:«Люди-компьютеры» выполняли вычисления вручную:Чтобы воспользоваться лифтом, нужна была помощь оператора:Даже кегли для боулинга устанавливали вручную:Города наполнились автомобилями, и на смену кучерам и конюхам пришли механики и таксисты. Из-за автоматизации часть рабочих на заводах заменили роботы и станки, а глобализация привела к переносу производств в бедные страны.Сказали свое веское слово и компьютеры с интернетом. Мир лишился многих бухгалтеров, ведь их работу теперь делали программы. Электронная почта сделала почтальонов ненужными, а работники видеопрокатов проиграли борьбу стримингу и онлайн-площадкам.Этот список можно продолжать очень долго… Но гораздо важнее другое — несмотря на «отмирание» профессий, уровень безработицы остался на прежнем уровне. Все дело в том, что экономика тоже менялась и подстраивалась под этот прогресс.Часть профессий осталась в прошлом, но им на смену пришли другие. Так что изменилась структура рабочей силы, а самих рабочих мест не стало меньше. Скорее наоборот — с усложнением экономики требуется бОльшее разделение труда (и больше профессий!).Сейчас нас пугают последствиями ИИ — мол, эта технология отберет работу у многих людей. Это действительно так… но вместе с тем появятся и новые профессии, а представители «старых» будут лучше справляться со своими обязанностями.Наш мир быстро меняется, поэтому важно быть гибким и уметь предсказывать тренды. Тогда наши навыки точно не устареют, а тот же ИИ станет для нас полезным помощником. Главное не давать ему думать за нас, чтобы самим не разучиться мыслить.П.с.: при написании поста ИИ не использовался :)*****Приглашаю вас в своиТелеграмиMAX— там вы найдете статьи по инвестициям, психологии денег и финансам :)",2026-03-26,smart_lab_scraped
"Инфляция к концу марта — недельные темпы ускорились, ослабление рубля и подорожание топливо сыграли свою роль. Снижение ставки продолжится?","Ⓜ️ ПоданнымРосстата, за период с 17 по 23 марта ИПЦ составил 0,19% (прошлые недели — 0,08%, 0,11%), с начала месяца 0,41%, с начала года — 2,78% (годовая — 5,99%). Недельные темпы ускорились из-за продолжающегося подорожания топлива и резкого ослабления ₽ (об этом предупреждал в прошлой статистике), они находятся выше прошлогодних данных, поэтому годовая ускорилась (прошлогодние недельки: 2025 г. — 0,12%, 2024 г. — 0,11%). Отмечаем факторы, влияющие на инфляцию:🗣 Из потребительскихцен на нефтепродуктыследует, что розничные цены на бензин повысились за неделю на 0,36% (прошлая неделя — 0,25%), на дизтопливо 0,24% (прошлая неделя — 0,06%), темпы повышаются (вес бензина в ИПЦ весомый ~4,35%). Правительство с 1 февралясняло запретна экспорт топлива для производителей, а для непроизводителей продлило запрет на экспорт топлива (бензин, дизель и т.п.) до конца июля. Сейчас, вновь, обсуждается запрет на экспорт для производителей из-за спроса/цен и ситуации на БВ, биржевые цены на бензин снижаются, но за месяц они выросли более чем на 10%.🗣ДанныеСбериндексапо изменению потребительских расходов к 22 марта повысились, но находятся на уровне намного ниже прошлогодних значений (5,34% vs. 14,77%).🗣 Из-за ухода эффекта от ужесточения семейной ипотеки кредитный портфельСберав февралестабилизировалсяпо сравнению с январём, но он намного выше прошлогодних данных: портфель жилищных кредитов вырос на 0,8% за месяц (в январе +1,7%), банк выдал 210₽ млрд ипотечных кредитов (+69,3% г/г, в январе 314₽ млрд). Портфель потреб. кредитов снизился на 0,4% за месяц (в январе -0,3%), банк выдал 161₽ млрд потреб. кредитов (+111,8% г/г, в январе 151₽ млрд). Корп. кредитный портфель вырос на 0,8% (в январе -1,1%), корпоративным клиентам было выдано 1,8₽ трлн кредитов (+50% г/г, в январе 1,2₽ трлн).🗣 Теперь регулятор устанавливает самостоятельно курсы валют с учётом внебиржевых данных ($ — 80,7₽). С учётом дефицита бюджета, укрепление ₽ негативный фактор для него, но с другой стороны это благо для инфляции (удешевление импорта, услуг). Похоже цена отсечения в бюджетном правиле останется неизменной в 2026 г. (менять решили в 2027 г.), это правильное решение, учитывая цену сырья и последствия на БВ (даже с учетом скорейшего мира и то не факт, цепочки нарушены, а значит цена Urals навряд ли опустится ниже 50-60$ за баррель с учётом скидок до конца года).🗣 В 2026 г. Минфинпланирует разместитьв ОФЗ 6,5₽ трлн (в иностранной валюте в объёме, эквивалентном не более 1$ млрд). Такая сумма выглядит довольно оптимистично на фоне курса $ и цены Urals (в 2025 г. разместили более 8₽ трлн).Дефицитфедерального бюджета за два месяца 2026 г. составил 3,449₽ трлн (в феврале — 1,731₽ трлн) или 1,5% ВВП, в 2026 г. дефицит планируется в 3,786₽ трлн (1,6% ВВП). Проблема вырисовывается и в пополнении бюджета — НГД доходы просели из-за курса ₽ и цены Urals, к 23 мартапотрачено11,5₽ трлн, при доходах в 5,3₽ трлн.📌 При таких тратах дефицит бюджета необходимо чем-то восполнять, ставка пала на ОФЗ, но сможет ли рынок переварить займ в 9-10 трлн, если НГД просядут (сейчас идеальное время, Urals на споте торгуется по 98$ за баррель, бюджетное правило начинается с 59$, а значит уже будет покупка в ФНБ валюты, но многое зависит от Ирана и продолжительности конфликта). ЦБ РФснизилставку до 15% и дал сигнал:«дальнейшее снижение ставки зависит от устойчивости замедления инфляции, динамики ИО и от оценки рисков со стороны внешних/внутренних условий». Цена топлива (впоследствии перерастание в мировой кризис) и курс ₽ (я думаю, ЦБ лукавит, что валютный курс был для них незначимым фактором, всё же ослабление до 87₽ за $ весомый скачок) не дали ЦБ снизить ставку на 1%, фактор валюты ушёл, осталось разобраться с топливом (многое зависит не от нас).С уважением, Владислав КофановТелеграмм-канал:t.me/svoiinvestor",2026-03-26,smart_lab_scraped
Предварительные результаты отчетов российских компаний за 2025 год.,"Российские компании продолжают отчитываться за 2025 год и будут это делать до конца апреля.На данный момент по МСФО отчитались 56 компаний из 177, отчеты которых мы отслеживаем.Вот тутмы сделали поквартальный вывод всех отчетов всех компаний.73% компаний (36 из 49) смогли нарастить выручку по итогам 2025 года.Лучший сектор по росту выручки — Россети в регионах.Если убрать этот сектор из 8 компаний, то выручку нарастили всего 68% компаний.Средний темп роста выручки для э/сетей = 29,5% (От +13% до +72%г/г).Топ-2 рыночных компании по выручке: Яндекс и OZON = +32% и +62%г/г соответственно.Т-Банк кстати показал лучший показатель чистого операционного дохода среди 6 отчитавшихся банков = +43%г/г.Хуже дела обстоят прибылью:84% компаний (47 из 56) закончили год без убытка.Но рост прибыли показали только 46% компаний (26 из 56).Если убрать 8 сетевых компаний, то прибыль показали 40% компаний (19 из 48).Самый здоровый рост прибыли +45% у Т-Банка, Яндекса +40%, ДОМ.РФ +35% и Норникеля +34%.С денежным потоком дела еще хуже чем с прибылью (а именно он является базой для выплаты дивов).Положительный FCF только у 60% компаний (26 из 43).И только 21% компаний (9 из 43) показали рост положительного денежного потока.💪Новатэк +189 млрд до 353 млрд💪Полюс +55 млрд до 181 млрд💪ГМК +115 млрд до 138 млрд.💪YDEX +61 млрд до 110 млрд.Если бы Полюс не нарастил CAPEX, то СДП вообще бы вырос +133 млрд!Интересно что ГМК резко нарастил СДП даже при снижении выручки: почти +80 млрд дало положительное изменение оборотного капитала.Аналогичное произошло с Новатэком, только дело не в СДП, а в получении доходов от СП.Чемпионы капитальных затрат:🏗Аэрофлот +118 млрд до 210 млрд🏗Полюс +78 млрд до 215,5 млрд🏗ИнтерРАО +75 млрд до 190 млрд🏗Русгидро +72 млрд до 271 млрд🏗Сибур +67 млрд до 356 млрд🏗X5 +57 млрд до 214 млрд🏗Северсталь +56 млрд до 174 млрдЧемпионы экономии на CAPEX:❌Новатэк -43 млрд до 150 млрд❌Татнефть -33 млрд до 142 млрд❌Ростелеком -20 млрд до 158 млрдКруче всех чистый долг снизили:📈Новатэк -181 млрд руб до -39 млрд📈ГМК -154 млрд до 672 млрд📈ВК -92 млрд руб до 82 млрд = но за счет жесткой допки📈Полюс -69 млрд до 555 млрдСумасшедший рост долга😩Русгидро +230 млрд до 706 млрд😩X5 +200 млрд до 228 млрд😩Сибур +185 млрд до 1033 млрд😩МТС +143 млрд до 710 млрд«Есть ли польза от ковыряния в этих цифрах?» — спросите вы. Наверное прямой пользы нет. Но для понимая общего контекста ковыряться полезно.",2026-03-25,smart_lab_scraped
Эфир АВО с участием ПАО «АПРИ»,"Эфир АВО с участием ПАО «АПРИ»Состоялсяэфир Ассоциации инвесторов «АВО», в рамках которогоИлья Винокуров, член Совета Ассоциации владельцев облигаций, обсудил сАлексеем Овакимяном, Председателем Совета директоров «АПРИ», устойчивость бизнеса и экономику девелоперских проектов в период высоких процентных ставок.Основные тезисы беседы:Сток является инвестиционным ресурсом.На данный момент у ПАО «АПРИ» запас строительной готовности составляет 370 тыс. м². Но это не навес, а инвестиционный потенциал, который будет раскрываться со снижением ставки. Основная часть нераспроданных остатков – строящееся жильё, а не готовый неликвид (из 370 тыс. м² лишь 100 тыс. м² введено в эксплуатацию).Продажи на стадии высокой готовности и продажа долей в проектных компаниях формируют маржинальность ПАО «АПРИ».Вследствие этого EBITDA и прибыль растут более высокими темпами, чем выручка.Продолжается фокус на КРТ. Совмещение жилой недвижимости и объектов инфраструктуры, в т.ч. парков развлечений, даёт уверенность в заполняемости таких объектов и продажах жилья с маржой. В рекреационных проектах ПАО «АПРИ» оставляет управление за собой. Это регулярный операционный доход и контроль качества продукта после сдачи.Работа над снижением долговой нагрузки.Чистый долг снижается: на 31 декабря – 38 млрд руб., на конец января – уже 36 млрд руб. Основная часть – проектное финансирование по средней ставке 13,6%, причём ставка будет ещё меньше по мере снижения ключевой. Дорогие ситуационные займы составляют около 1% и должны уйти в течение 2026 года.Доля облигационных займов ПАО «АПРИ» сейчас около 19%.Это существенно ниже, чем средняя доля облигационных займов по девелоперам в целом.Предлагаем вам подробнее ознакомиться с записью эфира в социальных сетях АВО:🔵VK VIDEO🔵Rutube🔵YouTube",2026-03-26,smart_lab_scraped
☄️ ПЕНТАГОН ГОТОВИТСЯ К «СОКРУШИТЕЛЬНОМУ ФИНАЛЬНОМУ УДАРУ» ПО ИРАНУ — AXIOS,"⚠️Планы не наполеоновские, но предполагающие значительную эскалацию. Трамп, если кратко, заделался в пираты.Посмотрим, что из этого выйдет… 👀Буду рада видеть вас среди своих подписчиковt.me/+j3ohRZAa_dpkMTli!",2026-03-26,smart_lab_scraped
"В Нидерландах взорвали несколько банкоматов, девочка получила травмы","В Нидерландах за три дня произошло несколько взрывов банкоматов, сообщает издание NL Times.",2026-03-26,rbc_scraped
Президент Ирана поблагодарил Россию на русском языке,"Поддержка народа России помогает Ирану в конфликте с США, заявил в X иранский президент Масуд Пезешкиан.",2026-03-26,rbc_scraped
Суд в Нью-Йорке отклонил иск украинки против WTA из-за допуска россиянок,"Леся Цуренко подала в суд на WTA после конфликта с ее экс-руководителем из-за решения не отстранять россиянок и белорусок. Судья постановила, что WTA не обязана обеспечивать эмоциональное благополучие игроков",2026-03-26,rbc_scraped
Трамп на год продлил действие части санкций против России,"В уведомлении указано, что деятельность России представляет угрозу безопасности и экономике США. Москва неоднократно подчеркивала, что считает любые ограничения незаконными и настаивает на их отмене",2026-03-26,rbc_scraped
Брянского экс-замгубернатора заподозрили во взятках бензином и ядом,"Бывшего заместителя губернатора Брянской области Сергея Тимошенко, который проходит по делу о коррупции, подозревается в том, что он брал взятки не только деньгами, но также товарами и услугами, сообщают «РИА Новости» и ТАСС со ссылкой на источники в правоохранительных органах.",2026-03-26,rbc_scraped
Два частных дома загорелись из-за падения обломков дрона в Можайске,"Два дома в Можайске пострадали в результате пожара, предположительно вызванного падением обломков беспилотника.",2026-03-26,rbc_scraped
Молдавия разрешила «Лукойлу» временно вернуться на фоне энергокризиса,Власти Молдавии разрешили использовать имеющиеся запасы топлива ЛУКОЙЛа для возобновления работы автозаправок компании.,2026-03-26,rbc_scraped
"Рютте сообщил, какие страны обсуждают открытие Ормузского пролива","В общей сложности 30 стран, большинство из них члены НАТО, объединились для обсуждения решений по открытию морских путей в Ормузском проливе.",2026-03-26,rbc_scraped
Минобороны сообщило об уничтожении 96 дронов над девятью регионами,"Силы ПВО уничтожили над Россией 96 беспилотников, сообщает Минобороны.",2026-03-26,rbc_scraped
Шохин назвал условие для обсуждения нового налога на сверхприбыль,"Обсуждения новой версии налога на сверхприбыль бизнеса можно вести лишь в случае, если курс доллара укрепится до ₽100, считает глава РСПП Александр Шохин. Ранее о готовности к такой дискуссии заявил министр экономического развития",2026-03-26,rbc_scraped
Происшествие в Можайске,Происшествие в Можайске,2026-03-26,rbc_scraped
"В Avito рассказали, зачем удалили объявление о продаже рыжего кота","Avito удалило публикацию о продаже рыжего кота в Санкт-Петербурге, поскольку его автор разместил его не для продажи, а чтобы переписываться со своими друзьями, сообщила РБК пресс-служба сервиса.",2026-03-26,rbc_scraped
Бронзит рассказал о впечатлениях от «Оскара» и «козырных» темах,"Бронзит рассказал, что, хотя награда в третий раз «прошла мимо» него, сама церемония была замечательной: «Это большой пафосный концерт, стендап». Режиссер ждал победы другого мультфильма, но его «козырная карта» не сыграла",2026-03-26,rbc_scraped
«Металлург» второй раз подряд обыграл «Сибирь» в серии плей-офф КХЛ,Игра в Магнитогорске закончилась со счетом 5:1. Робин Пресс оформил дубль. Третий матч пройдет 28 марта в Новосибирске,2026-03-26,rbc_scraped
Шохин рассказал прогноз Путина по окончанию конфликта на Ближнем Востоке,"Президент России Владимир Путин на встрече с представителями бизнеса заявил, что надеется на завершение кризиса на Ближнем Востоке в ближайшие недели.",2026-03-26,rbc_scraped
Три футболиста пропустили тренировку сборной России,"Команда Валерия Карпина 27 марта проведет матч со сборной Никарагуа в Краснодаре. В тренировке перед игрой не участвовали Глушенков, Обляков и Круговой",2026-03-26,rbc_scraped
Трамп раскрыл суть «подарка» с извинениями Ирана,"Иран разрешил пройти Ормузский пролив 10 судам с нефтью, преподнеся это в качестве «подарка» США, заявил республиканец. По его словам, этот шаг был важен для начала диалога между странами. Иран переговоры с США отрицает",2026-03-26,rbc_scraped
Почему страны Залива не против вступить в войну с Ираном,"Арабские монархии настороженно относятся к возможным переговорам США и Ирана, а отдельные страны региона и вовсе взвешивают возможность присоединиться к американским и израильским ударам. Подробнее — в статье РБК",2026-03-26,rbc_scraped
"Tasnim узнал, что Тегеран ответил на 15 пунктов мирного плана США","Тегеран передал свой ответ на мирный план США, состоящий из 15 пунктов, и ожидает реакции американской стороны, сообщает агентство Tasnim со ссылкой на осведомленный источник.",2026-03-26,rbc_scraped
Шохин раскрыл прогноз Путина по срокам сверхприбыли из-за операции США,"По словам главы РСПП, Путин дал понять, что период поступления сверхприбыли из-за конфликта на Ближнем Востоке «долгим не будет». Ранее Минфин США оценивал возможную прибыль России в $2 млрд, The Guardian писал о €6 млрд",2026-03-26,rbc_scraped
